ID,post_title,post_name,post_date,post_status
2462,ブランドサイトリニューアル,ultimate,"2024-07-02 18:18:15",publish
2408,"人材派遣/職業紹介/登録支援事業 コーポレートサイト",hr,"2024-07-01 16:27:10",publish
2388,"Rearth フィッシングギア & ウェア",,"2023-09-04 15:52:59",draft
2355,"Rearth フィッシングギア & ウェア",,"2023-09-04 14:54:07",draft
2133,ポートフォリオサイト,my-portfolio,"2023-06-27 12:15:45",publish
1928,静的サイト,containing-static-site,"2023-06-18 16:07:38",publish
1554,(ダミー)取り組み,working-on-dammy-00,"2023-06-09 20:11:38",draft
1552,取り組み,containing-working-on,"2023-06-09 20:08:31",publish
1543,デザイン,containing-design,"2023-06-09 18:16:02",publish
1463,"アロマセラピーサロン サイト制作",aromatheraphy,"2023-06-07 15:11:43",publish
1447,ECサイト対応LP(プロポーズ仕様),lp-marriage,"2023-06-07 13:24:23",publish
1392,ECサイト対応LP(産地直送バラ),lp-rose,"2023-06-05 23:45:47",publish
1173,バナー,containing-banner,"2023-05-30 06:51:34",publish
1168,ウェブサイト構築,containing-building-website,"2023-05-29 15:51:39",publish
1165,(ダミー)デザインその1,design-01,"2023-05-29 15:40:03",draft
534,限定公開,secret,"2023-04-23 14:58:15",publish
452,WooCommerce,woocommerce,"2023-03-18 16:06:34",publish
368,ランディングページ,containing-landing-page,"2023-03-02 17:30:20",publish
286,eコマース,ecommerce,"2023-02-06 15:11:42",publish
280,WordPress,wordpress,"2023-02-06 14:30:33",publish
240,地方公共団体キャンペーンサイト,cities,"2023-01-13 19:05:28",publish
154,"Rearth フィッシングギア & ウェア",rearth,"2023-01-03 13:28:06",publish
